ID;name;image;designation;email
1289;Shivam Bedwal;;Senior Consultant;shivam.bedwal@fioneer.com
5489;Tharun Chiramel;;Senior Consultant;tharun.chiramel@fioneer.com
8974;Raju Gottom;;Senior Consultant;raju.gottom@fioneer.com
2365;Deepa Priya;;Consultant;deepa.priya@fioneer.com
8963;Iswarya Santaram;;Consultant;iswarya.santaram@fioneer.com
2584;David Devarakonda;;Senior Consultant;david.devarakonda@fioneer.com